{"cameraMode":{"drawMode":0,"name":"Shaded","section":"Shading Mode"},"sceneLighting":true,"audioPlay":false,"sceneViewState":{"showFog":true,"showMaterialUpdate":false,"showSkybox":true,"showFlares":true,"showImageEffects":true,"showParticleSystems":true},"in2DMode":false,"pivot":{"x":4.9342193603515629,"y":-4.446042060852051,"z":-7.822991371154785},"rotation":{"x":-0.08038711547851563,"y":-0.9196028709411621,"z":0.2727406919002533,"w":-0.2711923122406006},"size":13.308538436889649,"orthographic":false}