{"cameraMode":{"drawMode":0,"name":"Shaded","section":"Shading Mode"},"sceneLighting":true,"audioPlay":false,"sceneViewState":{"showFog":true,"showMaterialUpdate":false,"showSkybox":true,"showFlares":true,"showImageEffects":true,"showParticleSystems":true},"in2DMode":false,"pivot":{"x":-5.0818376541137699,"y":-2.108116388320923,"z":3.969712972640991},"rotation":{"x":-0.28445830941200259,"y":0.36951327323913576,"z":-0.11989346146583557,"w":-0.8764825463294983},"size":13.335542678833008,"orthographic":false}