{"cameraMode":{"drawMode":0,"name":"Shaded","section":"Shading Mode"},"sceneLighting":true,"audioPlay":false,"sceneViewState":{"showFog":true,"showMaterialUpdate":false,"showSkybox":true,"showFlares":true,"showImageEffects":true,"showParticleSystems":true},"in2DMode":false,"pivot":{"x":-0.761784553527832,"y":11.08736801147461,"z":-18.42104148864746},"rotation":{"x":0.36089348793029787,"y":0.02269522100687027,"z":-0.008950562216341496,"w":0.9323936700820923},"size":1.1660254001617432,"orthographic":false}