{"cameraMode":{"drawMode":0,"name":"Shaded","section":"Shading Mode"},"sceneLighting":true,"audioPlay":false,"sceneViewState":{"showFog":true,"showMaterialUpdate":false,"showSkybox":true,"showFlares":true,"showImageEffects":true,"showParticleSystems":true},"in2DMode":false,"pivot":{"x":-14.772640228271485,"y":5.361027240753174,"z":-12.173721313476563},"rotation":{"x":0.1976073682308197,"y":0.45435211062431338,"z":-0.1042635589838028,"w":0.8624597191810608},"size":1.1660254001617432,"orthographic":false}