{"cameraMode":{"drawMode":0,"name":"Shaded","section":"Shading Mode"},"sceneLighting":true,"audioPlay":false,"sceneViewState":{"showFog":true,"showMaterialUpdate":false,"showSkybox":true,"showFlares":true,"showImageEffects":true,"showParticleSystems":true},"in2DMode":false,"pivot":{"x":5.862308502197266,"y":14.078605651855469,"z":-0.1407146453857422},"rotation":{"x":0.22602322697639466,"y":-0.45958906412124636,"z":0.12212059646844864,"w":0.8502036333084106},"size":13.308538436889649,"orthographic":false}