{"cameraMode":{"drawMode":0,"name":"Shaded","section":"Shading Mode"},"sceneLighting":true,"audioPlay":false,"sceneViewState":{"showFog":true,"showMaterialUpdate":false,"showSkybox":true,"showFlares":true,"showImageEffects":true,"showParticleSystems":true},"in2DMode":false,"pivot":{"x":-10.438302993774414,"y":7.978336811065674,"z":-13.848760604858399},"rotation":{"x":0.22240491211414338,"y":0.49152082204818728,"z":-0.13147208094596864,"w":0.831721305847168},"size":0.5532486438751221,"orthographic":false}